{
	"flights": [
		{
			"flightCode": "ALA",
			"origin": "noida",
			"destination": "bengaluru",
			"time": {
				"depart": "2019-08-20 03:00:00 AM",
				"arrive": "2019-08-20 05:30:00 AM"
			},
			"date": "2019-08-20 03:30:00",
			"amount": "2300.00"
		},
		{
			"flightCode": "ALL",
			"origin": "kolkata",
			"destination": "bengaluru",
			"time": {
				"depart": "2019-08-20 08:00:00 AM",
				"arrive": "2019-08-20 10:30:00 AM"
			},
			"date": "2019-08-20 01:30:00",
			"amount": "990.00"
		},
		{
			"flightCode": "ALL",
			"origin": "kolkata",
			"destination": "bengaluru",
			"time": {
				"depart": "2019-08-20 04:12:00 PM",
				"arrive": "2019-08-20 07:30:00 pM"
			},
			"date": "2019-08-20 01:30:00",
			"amount": "990.00"
		},
		{
			"flightCode": "ALC",
			"origin": "bengaluru",
			"destination": "noida",
			"time": {
				"depart": "2019-08-20 09:00:00 PM",
				"arrive": "2019-08-20 11:30:00 PM"
			},
			"date": "2019-08-20 01:30:00",
			"amount": "850.00"
		},
		{
			"flightCode": "ALD",
			"origin": "noida",
			"destination": "bengaluru",
			"time": {
				"depart": "2019-08-20 08:00:00 AM",
				"arrive": "2019-08-20 10:30:00 AM"
			},
			"date": "2019-08-20 01:30:00",
			"amount": "990.00"
		},
		{
			"flightCode": "AL-111",
			"origin": "bengaluru",
			"destination": "noida",
			"time": {
				"depart": "2019-08-21 09:00:00 PM",
				"arrive": "2019-08-21 11:30:00 PM"
			},
			"date": "2019-08-20 01:02:03",
			"amount": "1000.00"
		},
		{
			"flightCode": "AL-112",
			"origin": "delhi",
			"destination": "bengaluru",
			"time": {
				"depart": "2019-07-17 08:00:00 AM",
				"arrive": "2019-07-17 10:30:00 AM"
			},
			"date": "2019-08-20 01:30:00",
			"amount": "1000.00"
		},
		{
			"flightCode": "AL-113",
			"origin": "bengaluru",
			"destination": "delhi",
			"time": {
				"depart": "2019-07-17 09:00:00 PM",
				"arrive": "2019-07-17 11:30:00 PM"
			},
			"date": "2019-07-17 01:30:00",
			"amount": "1000.00"
		},
		{
			"flightCode": "IN-114",
			"origin": "delhi",
			"destination": "noida",
			"time": {
				"depart": "2019-08-20 08:00:00 AM",
				"arrive": "2019-08-20 10:30:00 AM"
			},
			"date": "2019-08-20 01:30:00",
			"amount": "1600.00"
		},
		{
			"flightCode": "IN-115",
			"origin": "noida",
			"destination": "delhi",
			"time": {
				"depart": "2019-08-20 08:00:00 AM",
				"arrive": "2019-08-20 10:30:00 AM"
			},
			"date": "2019-08-20 01:30:00",
			"amount": "1600.00"
		},
		{
			"flightCode": "IN-116",
			"origin": "noida",
			"destination": "kolkata",
			"time": {
				"depart": "2019-08-20 08:00:00 AM",
				"arrive": "2019-08-20 10:30:00 AM"
			},
			"date": "2019-08-20 01:30:00",
			"amount": "1950.00"
		},
		{
			"flightCode": "IN-17",
			"origin": "noida",
			"destination": "kolkata",
			"time": {
				"depart": "2019-08-20 08:00:00 AM",
				"arrive": "2019-08-20 10:30:00 AM"
			},
			"date": "2019-08-20 01:30:00",
			"amount": "1600.00"
		},
		{
			"flightCode": "IN-118",
			"origin": "bengaluru",
			"destination": "noida",
			"time": {
				"depart": "2019-08-20 08:00:00 AM",
				"arrive": "2019-08-20 10:30:00 AM"
			},
			"date": "2019-08-20 01:30:00",
			"amount": "1300.00"
		},
		{
			"flightCode": "IN-119",
			"origin": "noida",
			"destination": "bengaluru",
			"time": {
				"depart": "2019-08-20 08:00:00 AM",
				"arrive": "2019-08-20 10:30:00 AM"
			},
			"date": "2019-08-20 01:30:00",
			"amount": "1599.00"
		},
		{
			"flightCode": "AL-120",
			"origin": "bengaluru",
			"destination": "kolkata",
			"time": {
				"depart": "2019-08-20 08:00:00 AM",
				"arrive": "2019-08-20 10:30:00 AM"
			},
			"date": "2019-08-20 01:30:00",
			"amount": "2500.00"
		},
		{
			"flightCode": "AL-203",
			"origin": "bengaluru",
			"destination": "amravati",
			"time": {
				"depart": "2019-08-20 08:00:00 AM",
				"arrive": "2019-08-20 10:30:00 AM"
			},
			"date": "2019-08-20 01:30:00",
			"amount": "1500.50"
		},
		{
			"flightCode": "AL-121",
			"origin": "delhi",
			"destination": "kolkata",
			"time": {
				"depart": "2019-08-20 08:00:00 AM",
				"arrive": "2019-08-20 10:30:00 AM"
			},
			"date": "2019-08-20 01:30:00",
			"amount": "6000.00"
		},
		{
			"flightCode": "AL-122",
			"origin": "bengaluru",
			"destination": "kolkata",
			"time": {
				"depart": "2019-08-20 08:00:00 AM",
				"arrive": "2019-08-20 10:30:00 AM"
			},
			"date": "2019-08-20 01:30:00",
			"amount": "5000.00"
		},
		{
			"flightCode": "AL-123",
			"origin": "bengaluru",
			"destination": "kolkata",
			"time": {
				"depart": "2019-08-20 04:00:00 AM",
				"arrive": "2019-08-20 10:30:00 AM"
			},
			"date": "2019-08-20 01:30:00",
			"amount": "5300.00"
		},
		{
			"flightCode": "AL-124",
			"origin": "bengaluru",
			"destination": "kolkata",
			"time": {
				"depart": "2019-08-20 05:00:00 PM",
				"arrive": "2019-08-20 10:45:00 PM"
			},
			"date": "2019-08-20 01:30:00",
			"amount": "5185.75"
		},
		{
			"flightCode": "AL-206",
			"origin": "bengaluru",
			"destination": "kolkata",
			"time": {
				"depart": "2019-08-20 03:00:00 AM",
				"arrive": "2019-08-20 04:30:00 AM"
			},
			"date": "2019-08-20 01:30:00",
			"amount": "4545.00"
		},
		{
			"flightCode": "AL-209",
			"origin": "bengaluru",
			"destination": "kolkata",
			"time": {
				"depart": "2019-08-20 04:00:00 AM",
				"arrive": "2019-08-20 10:30:00 AM"
			},
			"date": "2019-08-20 01:30:00",
			"amount": "900.00"
    },

    {
			"flightCode": "AL-203",
			"origin": "kolkata",
			"destination": "bengaluru",
			"time": {
				"depart": "2019-08-21 11:00:00 AM",
				"arrive": "2019-08-21 12:30:00 AM"
			},
			"date": "2019-08-21 01:30:00",
			"amount": "1200.00"
		},

		{
			"flightCode": "AL-700",
			"origin": "bengaluru",
			"destination": "kolkata",
			"time": {
				"depart": "2019-08-20 08:00:00 AM",
				"arrive": "2019-08-20 10:30:00 AM"
			},
			"date": "2019-08-20 01:30:00",
			"amount": "9500.00"
		},
		{
			"flightCode": "AL-203",
			"origin": "bengaluru",
			"destination": "kolkata",
			"time": {
				"depart": "2019-08-20 01:00:00 AM",
				"arrive": "2019-08-20 03:30:00 AM"
			},
			"date": "2019-08-20 01:30:00",
			"amount": "6000.00"
		},
		{
			"flightCode": "ALA",
			"origin": "bengaluru",
			"destination": "kolkata",
			"time": {
				"depart": "2019-08-20 07:00:00 AM",
				"arrive": "2019-08-20 08:30:00 AM"
			},
			"date": "2019-08-20 01:30:00",
			"amount": "8500.00"
		},
		{
			"flightCode": "ALL",
			"origin": "bengaluru",
			"destination": "kolkata",
			"time": {
				"depart": "2019-08-20 04:00:00 AM",
				"arrive": "2019-08-20 06:30:00 AM"
			},
			"date": "2019-08-20 01:30:00",
			"amount": "8499.00"
		}
	]
}
